{
	"datas":	
		[
			{
			"imgSrc":"http://127.0.0.1:8022/meiliwang/images/189_l.jpg",
			"saveone":"63",
			"productname":"钻白净斑奇迹套装",
			"priceone":"356",
			"pricetwo":"CNY 875",
			"pricethree":"USD 130",
			"savetwo":"save 63%"
			},
			{
			"imgSrc":"http://127.0.0.1:8022/meiliwang/images/185_l.jpg",
			"saveone":"63",
			"productname":"高效亮肤精华套装",
			"priceone":"320",
			"pricetwo":"CNY 812",
			"pricethree":"USD 120",
			"savetwo":"save 63%"
			},
			{
			"imgSrc":"http://127.0.0.1:8022/meiliwang/images/186_l.jpg",
			"saveone":"61",
			"productname":"升级肌本护肤套装",
			"priceone":"304",
			"pricetwo":"CNY 808",
			"pricethree":"USD 120",
			"savetwo":"save 61%"
			},
			{
			"imgSrc":"http://127.0.0.1:8022/meiliwang/images/190_l.jpg",
			"saveone":"59",
			"productname":"逆时修护套装",
			"priceone":"410",
			"pricetwo":"CNY 1144",
			"pricethree":"USD 170",
			"savetwo":"save 59%"
			},
			{
			"imgSrc":"http://127.0.0.1:8022/meiliwang/images/188_l.jpg",
			"saveone":"58",
			"productname":"立体紧致明眸套装",
			"priceone":"404",
			"pricetwo":"CNY 1145",
			"pricethree":"USD 170",
			"savetwo":"save 58%"
			},
			{
			"imgSrc":"http://127.0.0.1:8022/meiliwang/images/192_l.jpg",
			"saveone":"58",
			"productname":"亮泽更新套装",
			"priceone":"426",
			"pricetwo":"CNY 1214",
			"pricethree":"USD 180",
			"savetwo":"save 58%"
			},
			{
			"imgSrc":"http://127.0.0.1:8022/meiliwang/images/191_l.jpg",
			"saveone":"55",
			"productname":"24小时水嫩套装",
			"priceone":"400",
			"pricetwo":"CNY 1213",
			"pricethree":"USD 180",
			"savetwo":"save 55%"
			},
			{
			"imgSrc":"http://127.0.0.1:8022/meiliwang/images/187_l.jpg",
			"saveone":"50",
			"productname":"嫩肌活肤套装",
			"priceone":"323",
			"pricetwo":"CNY 1079",
			"pricethree":"USD 160",
			"savetwo":"save 50%"
			}
		]
}
