{
	"datas":	
		[
			{
			"imgSrc":"http://127.0.0.1:8022/meiliwang/images/18860_2.jpg",
			"logoone":"",
			"logotwo":"http://127.0.0.1:8022/meiliwang/images/icon_promotions.gif",
			"brandname":"Peter Thomas Roth ",
			"productname":"Un-Wrinkle 抗皱紧肤修护晚霜 (适合中性至干性肤质)",
			"price":"USD 70.00",
			"savetwo":"54%"
			},
			{
			"imgSrc":"http://127.0.0.1:8022/meiliwang/images/18591_2.jpg",
			"logoone":"http://127.0.0.1:8022/meiliwang/images/icon_new.gif",
			"logotwo":"",
			"brandname":"Christian Dior 迪奧",
			"productname":"DiorSnow 雪凝亮白修护气垫粉底 SPF50- PA+++",
			"price":"USD 73.00",
			"savetwo":"15%"
			},
			{
			"imgSrc":"http://127.0.0.1:8022/meiliwang/images/18819_2.jpg",
			"logoone":"http://127.0.0.1:8022/meiliwang/images/icon_new.gif",
			"logotwo":"",
			"brandname":"Dr. Brandt ",
			"productname":"Pores No More 毛孔紧致苏活乳",
			"price":"USD 51.00",
			"savetwo":"35%"
			},
			{
			"imgSrc":"http://127.0.0.1:8022/meiliwang/images/19087_2.jpg",
			"logoone":"http://127.0.0.1:8022/meiliwang/images/icon_new.gif",
			"logotwo":"",
			"brandname":"Decléor 思妍丽",
			"productname":"天然谷粒身体去角质啫喱",
			"price":"USD 34.00",
			"savetwo":"40%"
			},
			{
			"imgSrc":"http://127.0.0.1:8022/meiliwang/images/19081_2.jpg",
			"logoone":"http://127.0.0.1:8022/meiliwang/images/icon_new.gif",
			"logotwo":"",
			"brandname":"CAUDALIE 泰奥菲",
			"productname":"葡萄籽全效卸妆洁颜油",
			"price":"USD 17.00",
			"savetwo":"43%"
			},
			{
			"imgSrc":"http://127.0.0.1:8022/meiliwang/images/19086_2.jpg",
			"logoone":"http://127.0.0.1:8022/meiliwang/images/icon_new.gif",
			"logotwo":"",
			"brandname":"Decléor 思妍丽",
			"productname":"Aroma Cleanse 柔和去角质霜 (适合所有肤质)",
			"price":"USD 36.00",
			"savetwo":"29%"
			},
			{
			"imgSrc":"http://127.0.0.1:8022/meiliwang/images/19085_2.jpg",
			"logoone":"http://127.0.0.1:8022/meiliwang/images/icon_new.gif",
			"logotwo":"",
			"brandname":"Decléor 思妍丽",
			"productname":"Aromessence 马乔莲滋润香薰精华油 (适合乾燥至极乾燥肤质)",
			"price":"USD 49.00",
			"savetwo":"50%%"
			},
			{
			"imgSrc":"http://127.0.0.1:8022/meiliwang/images/19078_2.jpg",
			"logoone":"http://127.0.0.1:8022/meiliwang/images/icon_new.gif",
			"logotwo":"",
			"brandname":"Avène 雅漾",
			"productname":"Cleanance 控油抗油光保湿乳",
			"price":"USD 18.00",
			"savetwo":"44%"
			},
			{
			"imgSrc":"http://127.0.0.1:8022/meiliwang/images/19082_2.jpg",
			"logoone":"http://127.0.0.1:8022/meiliwang/images/icon_new.gif",
			"logotwo":"",
			"brandname":"Christian Dior 迪奧",
			"productname":"Hydra Life 水活力嫩肌乳霜",
			"price":"USD 59.00",
			"savetwo":"50%"
			},
			{
			"imgSrc":"http://127.0.0.1:8022/meiliwang/images/19083_2.jpg",
			"logoone":"http://127.0.0.1:8022/meiliwang/images/icon_new.gif",
			"logotwo":"",
			"brandname":"Christian Dior 迪奧",
			"productname":"Hydra Life 水活力嫩肌精華眼霜",
			"price":"USD 47.00",
			"savetwo":"36%"
			},
			{
			"imgSrc":"http://127.0.0.1:8022/meiliwang/images/19079_2.jpg",
			"logoone":"http://127.0.0.1:8022/meiliwang/images/icon_new.gif",
			"logotwo":"",
			"brandname":"Bioderma 贝德玛",
			"productname":"Hydrabio 水活深层保湿面膜 (适合敏感缺水肤质)",
			"price":"USD 25.00",
			"savetwo":"44%"
			},
			{
			"imgSrc":"http://127.0.0.1:8022/meiliwang/images/19084_2.jpg",
			"logoone":"http://127.0.0.1:8022/meiliwang/images/icon_new.gif",
			"logotwo":"",
			"brandname":"Clarins 娇韵诗",
			"productname":"Multi-Active 多元赋活晚霜 (适合中性至混合性肤质)",
			"price":"USD 61.00",
			"savetwo":"40%"
			},
			{
			"imgSrc":"http://127.0.0.1:8022/meiliwang/images/19083_2.jpg",
			"logoone":"http://127.0.0.1:8022/meiliwang/images/icon_new.gif",
			"logotwo":"",
			"brandname":"Christian Dior 迪奧",
			"productname":"Hydra Life 水活力嫩肌精華眼霜",
			"price":"USD 47.00",
			"savetwo":"36%"
			},
			{
			"imgSrc":"http://127.0.0.1:8022/meiliwang/images/19079_2.jpg",
			"logoone":"http://127.0.0.1:8022/meiliwang/images/icon_new.gif",
			"logotwo":"",
			"brandname":"Bioderma 贝德玛",
			"productname":"Hydrabio 水活深层保湿面膜 (适合敏感缺水肤质)",
			"price":"USD 25.00",
			"savetwo":"44%"
			},
			{
			"imgSrc":"http://127.0.0.1:8022/meiliwang/images/19083_2.jpg",
			"logoone":"http://127.0.0.1:8022/meiliwang/images/icon_new.gif",
			"logotwo":"",
			"brandname":"Christian Dior 迪奧",
			"productname":"Hydra Life 水活力嫩肌精華眼霜",
			"price":"USD 47.00",
			"savetwo":"36%"
			},
			{
			"imgSrc":"http://127.0.0.1:8022/meiliwang/images/19079_2.jpg",
			"logoone":"http://127.0.0.1:8022/meiliwang/images/icon_new.gif",
			"logotwo":"",
			"brandname":"Bioderma 贝德玛",
			"productname":"Hydrabio 水活深层保湿面膜 (适合敏感缺水肤质)",
			"price":"USD 25.00",
			"savetwo":"44%"
			},
			{
			"imgSrc":"http://127.0.0.1:8022/meiliwang/images/19083_2.jpg",
			"logoone":"http://127.0.0.1:8022/meiliwang/images/icon_new.gif",
			"logotwo":"",
			"brandname":"Christian Dior 迪奧",
			"productname":"Hydra Life 水活力嫩肌精華眼霜",
			"price":"USD 47.00",
			"savetwo":"36%"
			},
			{
			"imgSrc":"http://127.0.0.1:8022/meiliwang/images/19079_2.jpg",
			"logoone":"http://127.0.0.1:8022/meiliwang/images/icon_new.gif",
			"logotwo":"",
			"brandname":"Bioderma 贝德玛",
			"productname":"Hydrabio 水活深层保湿面膜 (适合敏感缺水肤质)",
			"price":"USD 25.00",
			"savetwo":"44%"
			},
			{
			"imgSrc":"http://127.0.0.1:8022/meiliwang/images/19083_2.jpg",
			"logoone":"http://127.0.0.1:8022/meiliwang/images/icon_new.gif",
			"logotwo":"",
			"brandname":"Christian Dior 迪奧",
			"productname":"Hydra Life 水活力嫩肌精華眼霜",
			"price":"USD 47.00",
			"savetwo":"36%"
			},
			{
			"imgSrc":"http://127.0.0.1:8022/meiliwang/images/19079_2.jpg",
			"logoone":"http://127.0.0.1:8022/meiliwang/images/icon_new.gif",
			"logotwo":"",
			"brandname":"Bioderma 贝德玛",
			"productname":"Hydrabio 水活深层保湿面膜 (适合敏感缺水肤质)",
			"price":"USD 25.00",
			"savetwo":"44%"
			}
		]
}
