{
	"datas":	
		[
			{
			"imgSrc":"http://127.0.0.1:8022/meiliwang/images/18941_2.jpg",
			"linkSrc":"",
			"logoone":"http://127.0.0.1:8022/meiliwang/images/icon_new.gif",
			"logotwo":"http://127.0.0.1:8022/meiliwang/images/icon_promotions.gif",
			"brandnameone":"Shiseido",
			"brandnametwo":"资生堂",
			"productname":"Anessa 黄金钻级高效防晒露",
			"priceone":"CNY 229.00",
			"pricetwo":"USD 34.00",
			"saveone":"节省",
			"savetwo":"28%"
			},
			{
			"imgSrc":"http://127.0.0.1:8022/meiliwang/images/18712_2.jpg",
			"linkSrc":"",
			"logoone":"http://127.0.0.1:8022/meiliwang/images/icon_new.gif",
			"logotwo":"http://127.0.0.1:8022/meiliwang/images/icon_promotions.gif",
			"brandnameone":"REN",
			"brandnametwo":"",
			"productname":"果酸美白精华液",
			"priceone":"CNY 304.00",
			"pricetwo":"USD 45.00",
			"saveone":"节省",
			"savetwo":"50%"			
			},
			{
			"imgSrc":"http://127.0.0.1:8022/meiliwang/images/18768_2.jpg",
			"linkSrc":"",
			"logoone":"http://127.0.0.1:8022/meiliwang/images/icon_new.gif",
			"logotwo":"",
			"brandnameone":"LANCÔME",
			"brandnametwo":"兰蔻",
			"productname":"Hypnôse  双效明星五色眼影",
			"priceone":"CNY 365.00",
			"pricetwo":"USD 54.00",
			"saveone":"节省",
			"savetwo":"30%"			
			},
			{
			"imgSrc":"http://127.0.0.1:8022/meiliwang/images/18924_2.jpg",
			"linkSrc":"",
			"logoone":"http://127.0.0.1:8022/meiliwang/images/icon_new.gif",
			"logotwo":"",
			"brandnameone":"Darphin",
			"brandnametwo":"",
			"productname":"眼圈淡化精华液",
			"priceone":"CNY 338.00",
			"pricetwo":"USD 50.00",
			"saveone":"节省",
			"savetwo":"40%"			
			},
			{
			"imgSrc":"http://127.0.0.1:8022/meiliwang/images/18814_2.jpg",
			"linkSrc":"",
			"logoone":"http://127.0.0.1:8022/meiliwang/images/icon_new.gif",
			"logotwo":"http://127.0.0.1:8022/meiliwang/images/icon_promotions.gif",
			"brandnameone":"Shiseido",
			"brandnametwo":"",
			"productname":"Needles No More  抚皱平滑面霜",
			"priceone":"CNY 465.00",
			"pricetwo":"USD 69.00",
			"saveone":"节省",
			"savetwo":"41%"			
			},
			{
			"imgSrc":"http://127.0.0.1:8022/meiliwang/images/18791_2.jpg",
			"linkSrc":"",
			"logoone":"http://127.0.0.1:8022/meiliwang/images/icon_new.gif",
			"logotwo":"",
			"brandnameone":"Christian Dior",
			"brandnametwo":"迪奧",
			"productname":"DiorSkin Forever  恒久贴肌完美无瑕粉底液 SPF35 / PA+++",
			"priceone":"CNY 345.00",
			"pricetwo":"USD 51.00",
			"saveone":"节省",
			"savetwo":"45%"			
			},
			{
			"imgSrc":"http://127.0.0.1:8022/meiliwang/images/18977_2.jpg",
			"linkSrc":"",
			"logoone":"http://127.0.0.1:8022/meiliwang/images/icon_new.gif",
			"logotwo":"",
			"brandnameone":"LANCÔME",
			"brandnametwo":"兰蔻",
			"productname":"Energie De Vie 草本活肤柔滑丰盈玉液",
			"priceone":"CNY 360.00",
			"pricetwo":"USD 53.00",
			"saveone":"节省",
			"savetwo":"30%"			
			},
			{
			"imgSrc":"http://127.0.0.1:8022/meiliwang/images/18875_2.jpg",
			"linkSrc":"",
			"logoone":"http://127.0.0.1:8022/meiliwang/images/icon_new.gif",
			"logotwo":"http://127.0.0.1:8022/meiliwang/images/icon_promotions.gif",
			"brandnameone":"Sulwhasoo",
			"brandnametwo":"雪花秀",
			"productname":"Snowise 滋晶雪滢焕白精华",
			"priceone":"CNY 978.00",
			"pricetwo":"USD 145.00",
			"saveone":"节省",
			"savetwo":"31%"			
			},
			{
			"imgSrc":"http://127.0.0.1:8022/meiliwang/images/19000_2.jpg",
			"linkSrc":"",
			"logoone":"http://127.0.0.1:8022/meiliwang/images/icon_new.gif",
			"logotwo":"",
			"brandnameone":"ERNO LASZLO",
			"brandnametwo":"",
			"productname":"Phormula 3-9  全效修复疗肤霜",
			"priceone":"CNY 1,508.00",
			"pricetwo":"USD 223.00",
			"saveone":"节省",
			"savetwo":"35%"			
			},
			{
			"imgSrc":"http://127.0.0.1:8022/meiliwang/images/18823_2.jpg",
			"linkSrc":"http://127.0.0.1:8022/meiliwang/shangpinxiangqing.html",
			"logoone":"http://127.0.0.1:8022/meiliwang/images/icon_new.gif",
			"logotwo":"http://127.0.0.1:8022/meiliwang/images/icon_promotions.gif",
			"brandnameone":"Cle de Peau",
			"brandnametwo":"",
			"productname":"焕活细胞精华",
			"priceone":"CNY 1,819.00",
			"pricetwo":"USD 270.00",
			"saveone":"节省",
			"savetwo":"18%"			
			}
		]
}
