{
	"shares":
	[
		{
		"sharehref":"http://weibo.com/p/1001603847798888991114",
		"sharebt":"眼睛超有神！3 款日常眼线教学"
		},
		{
		"sharehref":"http://weibo.com/p/1001603849616901701216",
		"sharebt":"轻易打造凯特王妃自然美丽妆容"
		},
		{
		"sharehref":"http://weibo.com/p/1001603854319278517678",
		"sharebt":"对抗夏日油光 4 个油性肌护肤小贴士"
		},
		{
		"sharehref":"http://weibo.com/p/1001603856845629425051",
		"sharebt":"学性感天后碧昂丝 Beyoncé 的心机妆容"
		},
		{
		"sharehref":"http://weibo.com/p/1001603857972836104053",
		"sharebt":"夏日防晒大作战 4 款防晒品推荐"
		}
	],
	"helps":
	[
		{
		"sharehref":"",
		"sharebt":"为何选择于 COSME-DE.COM 购物？"
		},
		{
		"sharehref":"",
		"sharebt":"如何注册成为会员？"
		},
		{
		"sharehref":"",
		"sharebt":"如何浏览我的订货记录？"
		},
		{
		"sharehref":"",
		"sharebt":"如何可以享有免费运送的优惠？"
		},
		{
		"sharehref":"",
		"sharebt":"我可退回已订购的货品吗？"
		}
	]
}
